{
    "overall": {
        "accuracy": 0.6050033806626098,
        "correct": 4474,
        "total": 7395
    },
    "by_dimension": {
        "unconditional": {
            "accuracy": 0.5915083033727101,
            "correct": 3455,
            "total": 5841
        },
        "example_driven": {
            "accuracy": 0.8722084367245657,
            "correct": 703,
            "total": 806
        },
        "conditional": {
            "accuracy": 0.42245989304812837,
            "correct": 316,
            "total": 748
        }
    }
}