{
    "overall": {
        "accuracy": 0.4723448072962636,
        "correct": 3211,
        "total": 6798
    },
    "by_dimension": {
        "unconditional": {
            "accuracy": 0.48305869283466024,
            "correct": 2609,
            "total": 5401
        },
        "example_driven": {
            "accuracy": 0.5754119138149556,
            "correct": 454,
            "total": 789
        },
        "conditional": {
            "accuracy": 0.24342105263157895,
            "correct": 148,
            "total": 608
        }
    }
}